Index,Similarity,pce,SMILES_str
1645321,1.0,11.1301306413982,[SiH2]1C=c2c3ccc4cscc4c3c3ncc(cc3c2=C1)-c1nccc2nsnc12
714637,0.9823943661971831,9.57715161789979,[SiH2]1C=c2c3cc(cnc3c3c4cscc4c4cc[nH]c4c3c2=C1)-c1nccc2nsnc12
1648856,0.981216457960644,10.6049099671535,[SiH2]1C=c2c3cc(cnc3c3ccc4ccc5cscc5c4c3c2=C1)-c1nccc2nsnc12
1109927,0.9767441860465116,10.6182982445043,[SiH2]1C=c2c3cc(cnc3c3cc4c5cscc5ccc4cc3c2=C1)-c1nccc2nsnc12
590609,0.9554413024850043,9.65811477525562,[SiH2]1C=c2c3c([nH]c4ccc5cscc5c34)c3ncc(cc3c2=C1)-c1nccc2nsnc12
1644365,0.9532062391681109,10.3236976391212,[SiH2]1C=c2c3cc(cnc3c3ncc4ccc5cscc5c4c3c2=C1)-c1nccc2nsnc12
1118591,0.9491379310344827,10.1106288514513,[SiH2]1C=c2c3cc4ccsc4cc3c3ncc(cc3c2=C1)-c1nccc2nsnc12
1614180,0.947787610619469,10.7613147519472,[SiH2]1C=c2c3ccccc3c3c4cscc4c4cc(cnc4c3c2=C1)-c1nccc2nsnc12
1647531,0.947787610619469,10.618214581364,[SiH2]1C=c2ccc3c4cscc4c4cc(cnc4c3c2=C1)-c1nccc2nsnc12
1626647,0.9471326164874552,10.81296736057,[SiH2]1C=c2c3cc(cnc3c3ccc4ccccc4c3c2=C1)-c1nccc2nsnc12
1109357,0.9464285714285714,9.78713627412415,[SiH2]1C=c2c3cc(cnc3c3cc4c5c[nH]cc5ccc4cc3c2=C1)-c1nccc2nsnc12
