Index,Similarity,voc,SMILES_str
1185937,1.0,2.17895671782157,c1cc2ncc(cc2cn1)-c1ncncn1
1203570,0.91875,1.95634445727241,c1cc2ncc3c4ncc(cc4cnc3c2cn1)-c1ncncn1
1211254,0.91875,2.0822401102685,c1cc2ncc3cc(cnc3c2cn1)-c1ncncn1
1629013,0.9168399168399168,1.92250194448869,c1ccc2c(c1)ncc1cc(cnc21)-c1ncncn1
1620281,0.9055441478439425,1.75457756751953,c1ccc2c(c1)ncc1c3ncc(cc3cnc21)-c1ncncn1
1642361,0.8767395626242545,1.24749868982747,c1ccc2cc3c(cc2c1)ncc1cc(cnc31)-c1ncncn1
1137117,0.875,1.30081614109759,c1ccc2c(c1)ccc1cc3ncc4cc(cnc4c3cc21)-c1ncncn1
1160435,0.8732394366197183,1.82311265221521,c1cc2ccc3cc(cnc3c2cn1)-c1ncncn1
1624882,0.8715415019762845,1.46391821151966,c1ccc2c(c1)ccc1c3ncc(cc3cnc21)-c1ncncn1
1140720,0.8698224852071006,1.56758479014211,c1cc2cc3ncc4cc(cnc4c3cc2cn1)-c1ncncn1
1153600,0.8681102362204725,1.34372449950571,c1ccc2c(c1)ccc1ccc3c4ncc(cc4cnc3c21)-c1ncncn1
