Index,Similarity,e_gap_alpha,SMILES_str
252447,1.0,3.80396445673082,Cn1cccc1-c1ccc(-c2cccn2C)n1C
256974,0.9276859504132231,3.03149598308856,Cn1cccc1-c1ccc(-c2ccccn2)n1C
255355,0.8126159554730983,3.35800407989584,Cn1cccc1-c1ccc(-c2ccccc2)n1C
254377,0.7328881469115192,3.21914835408279,Cn1cccc1-c1ccc(-c2cccnc2)n1C
253938,0.6948590381426202,2.87496693645994,Cn1c(ccc1-c1ncncn1)-c1ccccn1
254307,0.6829268292682927,3.10758334965416,Cn1c(ccc1-c1ccccn1)-c1cccnc1
254317,0.6728110599078341,2.70699827308292,Cn1cccc1-c1ccc(-c2cccc3ccccc23)n1C
255136,0.6168639053254438,2.85655793675193,Cn1c(ccc1-c1cccc2ccccc12)-c1ccccn1
253430,0.6086350974930362,3.00397872402471,Cn1cccc1-c1ccc(-c2ccc[se]2)n1C
256379,0.5959595959595959,2.98865373903904,Cn1cccc1-c1ccc(cn1)-c1cccnc1
255813,0.592964824120603,3.04947229503019,Cn1cccc1-c1ccc(cn1)-c1ccccc1
