Index,Similarity,jsc,SMILES_str
252447,1.0,0.51293593320515,Cn1cccc1-c1ccc(-c2cccn2C)n1C
256974,0.9276859504132231,11.001008478135,Cn1cccc1-c1ccc(-c2ccccn2)n1C
255355,0.8126159554730983,4.5475186506295,Cn1cccc1-c1ccc(-c2ccccc2)n1C
254377,0.7328881469115192,6.62708352059,Cn1cccc1-c1ccc(-c2cccnc2)n1C
253938,0.6948590381426202,16.932270315675,Cn1c(ccc1-c1ncncn1)-c1ccccn1
254307,0.6829268292682927,8.56425263681,Cn1c(ccc1-c1ccccn1)-c1cccnc1
254317,0.6728110599078341,25.903031364795,Cn1cccc1-c1ccc(-c2cccc3ccccc23)n1C
255136,0.6168639053254438,17.76104669885,Cn1c(ccc1-c1cccc2ccccc12)-c1ccccn1
253430,0.6086350974930362,12.01027542429,Cn1cccc1-c1ccc(-c2ccc[se]2)n1C
256379,0.5959595959595959,12.530243717225,Cn1cccc1-c1ccc(cn1)-c1cccnc1
255813,0.592964824120603,10.505234058345,Cn1cccc1-c1ccc(cn1)-c1ccccc1
